<?xml version="1.0" encoding="UTF-8"?>
<Configuration status="WARN">
    <Appenders>
        <!-- Console Appender -->
        <Console name="Console" target="SYSTEM_OUT">
            <PatternLayout pattern="%d [%t] %-5level %logger{36} - %msg%n" />
        </Console>

        <!-- File Appender -->
        <File name="FileLogger" fileName="Logs/application.log">
            <PatternLayout pattern="%d [%t] %-5level %logger{36} - %msg%n" />
        </File>
    </Appenders>

    <Loggers>
        <Root level="info">
            <AppenderRef ref="Console" />
            <AppenderRef ref="FileLogger" />
        </Root>
    </Loggers>
</Configuration>
